Name,Count,First Name,Last Name,Email,Organizations,Locations,Roles
annamae.audie@megacorp.com,1,Annamae,Audie,annamae.audie@megacorp.com,Mega Corporation,,"Mega Corporation Admin,annamaeaudie"
aron.askew@megacorp.com,1,Aron,Askew,aron.askew@megacorp.com,Mega Corporation,,aronaskew
ashton.aumann@megacorp.com,1,Ashton,Aumann,ashton.aumann@megacorp.com,Mega Corporation,,ashtonaumann
ayako.alday@megacorp.com,1,Ayako,Alday,ayako.alday@megacorp.com,Mega Corporation,,ayakoalday
bambi.bivona@megacorp.com,1,Bambi,Bivona,bambi.bivona@megacorp.com,Mega Corporation,,bambibivona
bernard.bigler@megacorp.com,1,Bernard,Bigler,bernard.bigler@megacorp.com,Mega Corporation,,"Mega Corporation Admin,bernardbigler"
bettina.budniewski@megacorp.com,1,Bettina,Budniewski,bettina.budniewski@megacorp.com,Mega Corporation,,bettinabudniewski
boyd.buckle@megacorp.com,1,Boyd,Buckle,boyd.buckle@megacorp.com,Mega Corporation,,boydbuckle
bruce.butterworth@megacorp.com,1,Bruce,Butterworth,bruce.butterworth@megacorp.com,Mega Corporation,,brucebutterworth
carolann.corbo@megacorp.com,1,Carolann,Corbo,carolann.corbo@megacorp.com,Mega Corporation,,carolanncorbo
caroll.colquitt@megacorp.com,1,Caroll,Colquitt,caroll.colquitt@megacorp.com,Mega Corporation,,carollcolquitt
chaya.cordova@megacorp.com,1,Chaya,Cordova,chaya.cordova@megacorp.com,Mega Corporation,,chayacordova
chelsea.calaway@megacorp.com,1,Chelsea,Calaway,chelsea.calaway@megacorp.com,Mega Corporation,,chelseacalaway
cinthia.cadieux@megacorp.com,1,Cinthia,Cadieux,cinthia.cadieux@megacorp.com,Mega Corporation,,cinthiacadieux
coralee.culbert@megacorp.com,1,Coralee,Culbert,coralee.culbert@megacorp.com,Mega Corporation,,coraleeculbert
damon.dials@megacorp.com,1,Damon,Dials,damon.dials@megacorp.com,Mega Corporation,,damondials
danae.drayer@megacorp.com,1,Danae,Drayer,danae.drayer@megacorp.com,Mega Corporation,,danaedrayer
danette.dewitt@megacorp.com,1,Danette,Dewitt,danette.dewitt@megacorp.com,Mega Corporation,,danettedewitt
danilo.dilbeck@megacorp.com,1,Danilo,Dilbeck,danilo.dilbeck@megacorp.com,Mega Corporation,,danilodilbeck
debby.dupuy@megacorp.com,1,Debby,Dupuy,debby.dupuy@megacorp.com,Mega Corporation,,debbydupuy
delcie.diez@megacorp.com,1,Delcie,Diez,delcie.diez@megacorp.com,Mega Corporation,,delciediez
denna.debartolo@megacorp.com,1,Denna,Debartolo,denna.debartolo@megacorp.com,Mega Corporation,,dennadebartolo
diedra.darrow@megacorp.com,1,Diedra,Darrow,diedra.darrow@megacorp.com,Mega Corporation,,diedradarrow
dolores.delay@megacorp.com,1,Dolores,Delay,dolores.delay@megacorp.com,Mega Corporation,,doloresdelay
dominica.dubberly@megacorp.com,1,Dominica,Dubberly,dominica.dubberly@megacorp.com,Mega Corporation,,dominicadubberly
eartha.edie@megacorp.com,1,Eartha,Edie,eartha.edie@megacorp.com,Mega Corporation,,earthaedie
edda.elam@megacorp.com,1,Edda,Elam,edda.elam@megacorp.com,Mega Corporation,,eddaelam
edris.ekhoff@megacorp.com,1,Edris,Ekhoff,edris.ekhoff@megacorp.com,Mega Corporation,,edrisekhoff
elden.easley@megacorp.com,1,Elden,Easley,elden.easley@megacorp.com,Mega Corporation,,eldeneasley
elena.eisert@megacorp.com,1,Elena,Eisert,elena.eisert@megacorp.com,Mega Corporation,,elenaeisert
elnora.efaw@megacorp.com,1,Elnora,Efaw,elnora.efaw@megacorp.com,Mega Corporation,,elnoraefaw
evelina.elders@megacorp.com,1,Evelina,Elders,evelina.elders@megacorp.com,Mega Corporation,,evelinaelders
evita.epting@megacorp.com,1,Evita,Epting,evita.epting@megacorp.com,Mega Corporation,,evitaepting
fausto.fortino@megacorp.com,1,Fausto,Fortino,fausto.fortino@megacorp.com,Mega Corporation,,faustofortino
georgeanna.griffiths@megacorp.com,1,Georgeanna,Griffiths,georgeanna.griffiths@megacorp.com,Mega Corporation,,georgeannagriffiths
georgine.grimmett@megacorp.com,1,Georgine,Grimmett,georgine.grimmett@megacorp.com,Mega Corporation,,georginegrimmett
gilbert.guerriero@megacorp.com,1,Gilbert,Guerriero,gilbert.guerriero@megacorp.com,Mega Corporation,,gilbertguerriero
gilda.gutirrez@megacorp.com,1,Gilda,Gutirrez,gilda.gutirrez@megacorp.com,Mega Corporation,,gildagutirrez
gregg.gault@megacorp.com,1,Gregg,Gault,gregg.gault@megacorp.com,Mega Corporation,,gregggault
guillermina.gloster@megacorp.com,1,Guillermina,Gloster,guillermina.gloster@megacorp.com,Mega Corporation,,guillerminagloster
herminia.hochmuth@megacorp.com,1,Herminia,Hochmuth,herminia.hochmuth@megacorp.com,Mega Corporation,,herminiahochmuth
hien.hamby@megacorp.com,1,Hien,Hamby,hien.hamby@megacorp.com,Mega Corporation,,hienhamby
hsiu.henningsen@megacorp.com,1,Hsiu,Henningsen,hsiu.henningsen@megacorp.com,Mega Corporation,,hsiuhenningsen
jacques.joaquin@megacorp.com,1,Jacques,Joaquin,jacques.joaquin@megacorp.com,Mega Corporation,,jacquesjoaquin
janay.johnson@megacorp.com,1,Janay,Johnson,janay.johnson@megacorp.com,Mega Corporation,,janayjohnson
jefferson.jock@megacorp.com,1,Jefferson,Jock,jefferson.jock@megacorp.com,Mega Corporation,,jeffersonjock
jenee.jahns@megacorp.com,1,Jenee,Jahns,jenee.jahns@megacorp.com,Mega Corporation,,jeneejahns
jeremy.jong@megacorp.com,1,Jeremy,Jong,jeremy.jong@megacorp.com,Mega Corporation,,jeremyjong
judith.joachim@megacorp.com,1,Judith,Joachim,judith.joachim@megacorp.com,Mega Corporation,,judithjoachim
julio.jerabek@megacorp.com,1,Julio,Jerabek,julio.jerabek@megacorp.com,Mega Corporation,,juliojerabek
kalyn.kimzey@megacorp.com,1,Kalyn,Kimzey,kalyn.kimzey@megacorp.com,Mega Corporation,,kalynkimzey
kamilah.kurland@megacorp.com,1,Kamilah,Kurland,kamilah.kurland@megacorp.com,Mega Corporation,,kamilahkurland
karlene.kirch@megacorp.com,1,Karlene,Kirch,karlene.kirch@megacorp.com,Mega Corporation,,karlenekirch
karrie.kindel@megacorp.com,1,Karrie,Kindel,karrie.kindel@megacorp.com,Mega Corporation,,karriekindel
kourtney.kyle@megacorp.com,1,Kourtney,Kyle,kourtney.kyle@megacorp.com,Mega Corporation,,kourtneykyle
kristen.kellems@megacorp.com,1,Kristen,Kellems,kristen.kellems@megacorp.com,Mega Corporation,,kristenkellems
lakeesha.loiacono@megacorp.com,1,Lakeesha,Loiacono,lakeesha.loiacono@megacorp.com,Mega Corporation,,lakeeshaloiacono
lashon.locker@megacorp.com,1,Lashon,Locker,lashon.locker@megacorp.com,Mega Corporation,,lashonlocker
le.leggett@megacorp.com,1,Le,Leggett,le.leggett@megacorp.com,Mega Corporation,,leleggett
lee.litchfield@megacorp.com,1,Lee,Litchfield,lee.litchfield@megacorp.com,Mega Corporation,,leelitchfield
leonor.limberg@megacorp.com,1,Leonor,Limberg,leonor.limberg@megacorp.com,Mega Corporation,,leonorlimberg
lien.lipscomb@megacorp.com,1,Lien,Lipscomb,lien.lipscomb@megacorp.com,Mega Corporation,,lienlipscomb
lillian.louviere@megacorp.com,1,Lillian,Louviere,lillian.louviere@megacorp.com,Mega Corporation,,lillianlouviere
luana.larson@megacorp.com,1,Luana,Larson,luana.larson@megacorp.com,Mega Corporation,,luanalarson
mac.malmberg@megacorp.com,1,Mac,Malmberg,mac.malmberg@megacorp.com,Mega Corporation,,macmalmberg
madeleine.magers@megacorp.com,1,Madeleine,Magers,madeleine.magers@megacorp.com,Mega Corporation,,madeleinemagers
mandie.mcquinn@megacorp.com,1,Mandie,Mcquinn,mandie.mcquinn@megacorp.com,Mega Corporation,,mandiemcquinn
mariella.molock@megacorp.com,1,Mariella,Molock,mariella.molock@megacorp.com,Mega Corporation,,mariellamolock
marietta.menzel@megacorp.com,1,Marietta,Menzel,marietta.menzel@megacorp.com,Mega Corporation,,mariettamenzel
marilou.mcintosh@megacorp.com,1,Marilou,Mcintosh,marilou.mcintosh@megacorp.com,Mega Corporation,,mariloumcintosh
martin.magallon@megacorp.com,1,Martin,Magallon,martin.magallon@megacorp.com,Mega Corporation,,martinmagallon
marylee.millsap@megacorp.com,1,Marylee,Millsap,marylee.millsap@megacorp.com,Mega Corporation,,maryleemillsap
melda.metheny@megacorp.com,1,Melda,Metheny,melda.metheny@megacorp.com,Mega Corporation,,meldametheny
melia.meche@megacorp.com,1,Melia,Meche,melia.meche@megacorp.com,Mega Corporation,,meliameche
merle.miceli@megacorp.com,1,Merle,Miceli,merle.miceli@megacorp.com,Mega Corporation,,merlemiceli
milford.mize@megacorp.com,1,Milford,Mize,milford.mize@megacorp.com,Mega Corporation,,milfordmize
miriam.messenger@megacorp.com,1,Miriam,Messenger,miriam.messenger@megacorp.com,Mega Corporation,,miriammessenger
monique.maly@megacorp.com,1,Monique,Maly,monique.maly@megacorp.com,Mega Corporation,,moniquemaly
moses.modisette@megacorp.com,1,Moses,Modisette,moses.modisette@megacorp.com,Mega Corporation,,mosesmodisette
myron.mclawhorn@megacorp.com,1,Myron,Mclawhorn,myron.mclawhorn@megacorp.com,Mega Corporation,,myronmclawhorn
nancie.nassar@megacorp.com,1,Nancie,Nassar,nancie.nassar@megacorp.com,Mega Corporation,,nancienassar
nannie.nobles@megacorp.com,1,Nannie,Nobles,nannie.nobles@megacorp.com,Mega Corporation,,nannienobles
nga.nordquist@megacorp.com,1,Nga,Nordquist,nga.nordquist@megacorp.com,Mega Corporation,,nganordquist
niesha.nold@megacorp.com,1,Niesha,Nold,niesha.nold@megacorp.com,Mega Corporation,,nieshanold
nydia.neil@megacorp.com,1,Nydia,Neil,nydia.neil@megacorp.com,Mega Corporation,,nydianeil
orville.oneill@megacorp.com,1,Orville,Oneill,orville.oneill@megacorp.com,Mega Corporation,,orvilleoneill
parker.paetzold@megacorp.com,1,Parker,Paetzold,parker.paetzold@megacorp.com,Mega Corporation,,parkerpaetzold
peggie.phillips@megacorp.com,1,Peggie,Phillips,peggie.phillips@megacorp.com,Mega Corporation,,peggiephillips
quiana.quesnel@megacorp.com,1,Quiana,Quesnel,quiana.quesnel@megacorp.com,Mega Corporation,,quianaquesnel
rafaela.rasco@megacorp.com,1,Rafaela,Rasco,rafaela.rasco@megacorp.com,Mega Corporation,,rafaelarasco
reinaldo.reardon@megacorp.com,1,Reinaldo,Reardon,reinaldo.reardon@megacorp.com,Mega Corporation,,reinaldoreardon
renea.rubenstein@megacorp.com,1,Renea,Rubenstein,renea.rubenstein@megacorp.com,Mega Corporation,,renearubenstein
retta.rosso@megacorp.com,1,Retta,Rosso,retta.rosso@megacorp.com,Mega Corporation,,rettarosso
robbi.rosendahl@megacorp.com,1,Robbi,Rosendahl,robbi.rosendahl@megacorp.com,Mega Corporation,,robbirosendahl
rolf.rueb@megacorp.com,1,Rolf,Rueb,rolf.rueb@megacorp.com,Mega Corporation,,rolfrueb
rory.rollinson@megacorp.com,1,Rory,Rollinson,rory.rollinson@megacorp.com,Mega Corporation,,roryrollinson
rubin.ravenscroft@megacorp.com,1,Rubin,Ravenscroft,rubin.ravenscroft@megacorp.com,Mega Corporation,,rubinravenscroft
ruby.rieser@megacorp.com,1,Ruby,Rieser,ruby.rieser@megacorp.com,Mega Corporation,,rubyrieser
shani.spinks@megacorp.com,1,Shani,Spinks,shani.spinks@megacorp.com,Mega Corporation,,shanispinks
shemika.spikes@megacorp.com,1,Shemika,Spikes,shemika.spikes@megacorp.com,Mega Corporation,,shemikaspikes
shira.sitzes@megacorp.com,1,Shira,Sitzes,shira.sitzes@megacorp.com,Mega Corporation,,shirasitzes
shirely.stowe@megacorp.com,1,Shirely,Stowe,shirely.stowe@megacorp.com,Mega Corporation,,shirelystowe
silva.sotelo@megacorp.com,1,Silva,Sotelo,silva.sotelo@megacorp.com,Mega Corporation,,silvasotelo
skye.strobl@megacorp.com,1,Skye,Strobl,skye.strobl@megacorp.com,Mega Corporation,,skyestrobl
stan.stokely@megacorp.com,1,Stan,Stokely,stan.stokely@megacorp.com,Mega Corporation,,stanstokely
starla.scheiber@megacorp.com,1,Starla,Scheiber,starla.scheiber@megacorp.com,Mega Corporation,,starlascheiber
sung.skipper@megacorp.com,1,Sung,Skipper,sung.skipper@megacorp.com,Mega Corporation,,sungskipper
tajuana.thies@megacorp.com,1,Tajuana,Thies,tajuana.thies@megacorp.com,Mega Corporation,,tajuanathies
tenisha.tinajero@megacorp.com,1,Tenisha,Tinajero,tenisha.tinajero@megacorp.com,Mega Corporation,,tenishatinajero
tessa.treiber@megacorp.com,1,Tessa,Treiber,tessa.treiber@megacorp.com,Mega Corporation,,tessatreiber
theodore.talbert@megacorp.com,1,Theodore,Talbert,theodore.talbert@megacorp.com,Mega Corporation,,theodoretalbert
tiny.tacy@megacorp.com,1,Tiny,Tacy,tiny.tacy@megacorp.com,Mega Corporation,,tinytacy
vallie.vizcaino@megacorp.com,1,Vallie,Vizcaino,vallie.vizcaino@megacorp.com,Mega Corporation,,vallievizcaino
van.villanveva@megacorp.com,1,Van,Villanveva,van.villanveva@megacorp.com,Mega Corporation,,vanvillanveva
wes.wallner@megacorp.com,1,Wes,Wallner,wes.wallner@megacorp.com,Mega Corporation,,weswallner
winifred.wessels@megacorp.com,1,Winifred,Wessels,winifred.wessels@megacorp.com,Mega Corporation,,winifredwessels
yun.yarberry@megacorp.com,1,Yun,Yarberry,yun.yarberry@megacorp.com,Mega Corporation,,yunyarberry
zelma.zemke@megacorp.com,1,Zelma,Zemke,zelma.zemke@megacorp.com,Mega Corporation,,zelmazemke
